{
	"partitions" : [
		{
			"name" : "Top",
			"pins" : [
				{
					"name" : "AUD_XCK",
					"strict" : false
				},
				{
					"name" : "AUD_DACDAT",
					"strict" : false
				},
				{
					"name" : "FPGA_I2C_SCLK",
					"strict" : false
				},
				{
					"name" : "LEDR[0]",
					"strict" : false
				},
				{
					"name" : "LEDR[1]",
					"strict" : false
				},
				{
					"name" : "LEDR[2]",
					"strict" : false
				},
				{
					"name" : "LEDR[3]",
					"strict" : false
				},
				{
					"name" : "LEDR[4]",
					"strict" : false
				},
				{
					"name" : "LEDR[5]",
					"strict" : false
				},
				{
					"name" : "LEDR[6]",
					"strict" : false
				},
				{
					"name" : "LEDR[7]",
					"strict" : false
				},
				{
					"name" : "LEDR[8]",
					"strict" : false
				},
				{
					"name" : "LEDR[9]",
					"strict" : false
				},
				{
					"name" : "ADC_SCLK",
					"strict" : false
				},
				{
					"name" : "ADC_CS_N",
					"strict" : false
				},
				{
					"name" : "ADC_DIN",
					"strict" : false
				},
				{
					"name" : "FPGA_I2C_SDAT",
					"strict" : false
				},
				{
					"name" : "SW[0]",
					"strict" : false
				},
				{
					"name" : "SW[2]",
					"strict" : false
				},
				{
					"name" : "SW[1]",
					"strict" : false
				},
				{
					"name" : "CLOCK_50",
					"strict" : false
				},
				{
					"name" : "KEY[0]",
					"strict" : false
				},
				{
					"name" : "AUD_BCLK",
					"strict" : false
				},
				{
					"name" : "AUD_DACLRCK",
					"strict" : false
				},
				{
					"name" : "AUD_ADCDAT",
					"strict" : false
				},
				{
					"name" : "ADC_DOUT",
					"strict" : false
				},
				{
					"name" : "AUD_ADCLRCK",
					"strict" : false
				}
			]
		}
	]
}